{"YearPredictionMSD": {"shape": [515344, 90], "aspect ratio": 0.00017464062839579, "density": 0.9999999137577144, "rank": 90, "coherence": 0.03883920767970374, "coherence_ratio": 2625.4068977980382}, "w4a": {"shape": [7366, 300], "aspect ratio": 0.040727667662231876, "density": 0.03891890668838809, "rank": 299, "coherence": 1.0000000000003366, "coherence_ratio": 356.5234717161896}, "w6a": {"shape": [17188, 300], "aspect ratio": 0.017454037700721434, "density": 0.03887789930959584, "rank": 299, "coherence": 0.999999999999986, "coherence_ratio": 1355.4262540830903}, "w8a": {"shape": [49749, 300], "aspect ratio": 0.006030271965265633, "density": 0.03883401341400497, "rank": 299, "coherence": 1.0000000000001559, "coherence_ratio": 4022.267820504766}}